{
  "hash": "13f3f2a6",
  "configHash": "13f85e2d",
  "lockfileHash": "1c74ae74",
  "browserHash": "27f19291",
  "optimized": {
    "@angular/core": {
      "src": "../../../../../node_modules/@angular/core/fesm2022/core.mjs",
      "file": "@angular_core.js",
      "fileHash": "5be9ba71",
      "needsInterop": false
    },
    "@angular/fire/app": {
      "src": "../../../../../node_modules/@angular/fire/fesm2022/angular-fire-app.mjs",
      "file": "@angular_fire_app.js",
      "fileHash": "aea22df6",
      "needsInterop": false
    },
    "@angular/fire/auth": {
      "src": "../../../../../node_modules/@angular/fire/fesm2022/angular-fire-auth.mjs",
      "file": "@angular_fire_auth.js",
      "fileHash": "f3fcc45d",
      "needsInterop": false
    },
    "@angular/forms": {
      "src": "../../../../../node_modules/@angular/forms/fesm2022/forms.mjs",
      "file": "@angular_forms.js",
      "fileHash": "1ef098b2",
      "needsInterop": false
    },
    "@angular/platform-browser": {
      "src": "../../../../../node_modules/@angular/platform-browser/fesm2022/platform-browser.mjs",
      "file": "@angular_platform-browser.js",
      "fileHash": "4b704c95",
      "needsInterop": false
    },
    "@angular/router": {
      "src": "../../../../../node_modules/@angular/router/fesm2022/router.mjs",
      "file": "@angular_router.js",
      "fileHash": "a9f5d3ae",
      "needsInterop": false
    },
    "@angular/common/http": {
      "src": "../../../../../node_modules/@angular/common/fesm2022/http.mjs",
      "file": "@angular_common_http.js",
      "fileHash": "bd59998d",
      "needsInterop": false
    }
  },
  "chunks": {
    "chunk-5GMYUCU6": {
      "file": "chunk-5GMYUCU6.js"
    },
    "chunk-SSE5FS67": {
      "file": "chunk-SSE5FS67.js"
    },
    "chunk-OPJAYLGY": {
      "file": "chunk-OPJAYLGY.js"
    },
    "chunk-UYENB76L": {
      "file": "chunk-UYENB76L.js"
    },
    "chunk-CYA2Q24T": {
      "file": "chunk-CYA2Q24T.js"
    }
  }
}