{
  "hash": "68010511",
  "configHash": "76c14e26",
  "lockfileHash": "1c74ae74",
  "browserHash": "f2203dc1",
  "optimized": {
    "@angular/common": {
      "src": "../../../../../node_modules/@angular/common/fesm2022/common.mjs",
      "file": "@angular_common.js",
      "fileHash": "d1a9841a",
      "needsInterop": false
    },
    "@angular/common/http": {
      "src": "../../../../../node_modules/@angular/common/fesm2022/http.mjs",
      "file": "@angular_common_http.js",
      "fileHash": "bb964c3f",
      "needsInterop": false
    },
    "@angular/core": {
      "src": "../../../../../node_modules/@angular/core/fesm2022/core.mjs",
      "file": "@angular_core.js",
      "fileHash": "b14a63e3",
      "needsInterop": false
    },
    "@angular/fire/app": {
      "src": "../../../../../node_modules/@angular/fire/fesm2022/angular-fire-app.mjs",
      "file": "@angular_fire_app.js",
      "fileHash": "2c59c06d",
      "needsInterop": false
    },
    "@angular/fire/auth": {
      "src": "../../../../../node_modules/@angular/fire/fesm2022/angular-fire-auth.mjs",
      "file": "@angular_fire_auth.js",
      "fileHash": "e08b44b6",
      "needsInterop": false
    },
    "@angular/forms": {
      "src": "../../../../../node_modules/@angular/forms/fesm2022/forms.mjs",
      "file": "@angular_forms.js",
      "fileHash": "fb6374b2",
      "needsInterop": false
    },
    "@angular/platform-browser": {
      "src": "../../../../../node_modules/@angular/platform-browser/fesm2022/platform-browser.mjs",
      "file": "@angular_platform-browser.js",
      "fileHash": "dd44a2ad",
      "needsInterop": false
    },
    "@angular/router": {
      "src": "../../../../../node_modules/@angular/router/fesm2022/router.mjs",
      "file": "@angular_router.js",
      "fileHash": "42ab6ec9",
      "needsInterop": false
    },
    "rxjs": {
      "src": "../../../../../node_modules/rxjs/dist/esm5/index.js",
      "file": "rxjs.js",
      "fileHash": "83575000",
      "needsInterop": false
    }
  },
  "chunks": {
    "chunk-2FBCNHL7": {
      "file": "chunk-2FBCNHL7.js"
    },
    "chunk-BXN7HJ4O": {
      "file": "chunk-BXN7HJ4O.js"
    },
    "chunk-TBXRALQE": {
      "file": "chunk-TBXRALQE.js"
    },
    "chunk-CCU7SY27": {
      "file": "chunk-CCU7SY27.js"
    },
    "chunk-362AFPAE": {
      "file": "chunk-362AFPAE.js"
    },
    "chunk-CH7EVBJF": {
      "file": "chunk-CH7EVBJF.js"
    }
  }
}